{
  "users": [
    {
      "name": "Sina Sites",
      "custom": {
        "title": "Director of Sales"
      },
      "profileUrl": "https://www.gravatar.com/avatar/85fd88cd5da7fb034878352ab3ca05dd?s=256&d=identicon",
      "id": "user_a652eb6cc34b44c4a39b28fcc24d062b"
    },
    {
      "name": "Ilene Iniguez",
      "custom": {
        "title": "Compensation Analyst"
      },
      "profileUrl": "https://www.gravatar.com/avatar/e7f2d4b2b49cd562f13312e22aabfbf4?s=256&d=identicon",
      "id": "user_d06c7d5ddc1c4c85bd66844198b2ca38"
    },
    {
      "name": "Brook Bilodeau",
      "custom": {
        "title": "Mechanical Systems Engineer"
      },
      "profileUrl": "https://www.gravatar.com/avatar/e1cfc3f47ba39f5a3c6a076e0ad2e59e?s=256&d=identicon",
      "id": "user_a673547880824a0687b3041af36a5de4"
    },
    {
      "name": "Laverne Ludden",
      "custom": {
        "title": "Help Desk Technician"
      },
      "profileUrl": "https://www.gravatar.com/avatar/cfc8282027e680afc0799b537a862834?s=256&d=identicon",
      "id": "user_102a15c8bc394bdc90d1c8eab58b1de9"
    },
    {
      "name": "Cira Cray",
      "custom": {
        "title": "Registered Nurse"
      },
      "profileUrl": "https://www.gravatar.com/avatar/f879264ed08f86c58c9ee2dae37a9c4c?s=256&d=identicon",
      "id": "user_2ada61d287aa42b59d620c474493474f"
    },
    {
      "name": "Fredric Fraser",
      "custom": {
        "title": "Programmer III"
      },
      "profileUrl": "https://www.gravatar.com/avatar/80ac8b6aaf9db537ce358520ddd53dab?s=256&d=identicon",
      "id": "user_4ec689d24845466e93ee358c40358473"
    },
    {
      "name": "Dominick Daughtrey",
      "custom": {
        "title": "Product Engineer"
      },
      "profileUrl": "https://www.gravatar.com/avatar/286e59d9062df5ee1ddafeda82df3df3?s=256&d=identicon",
      "id": "user_83647bfb6bcd412d93b1e57e1b602d3a"
    },
    {
      "name": "Alexander Angus",
      "custom": {
        "title": "Environmental Tech"
      },
      "profileUrl": "https://www.gravatar.com/avatar/576850fe9811de88ec97139764e42cca?s=256&d=identicon",
      "id": "user_def709b1adfc4e67b98bb7a820f581b1"
    },
    {
      "name": "Osvaldo Oh",
      "custom": {
        "title": "Paralegal"
      },
      "profileUrl": "https://www.gravatar.com/avatar/de7120222a16e2a1d56d5ea375ebe196?s=256&d=identicon",
      "id": "user_6ef19fcc68824f9f9e3d908d796f21a3"
    },
    {
      "name": "Quintin Quigg",
      "custom": {
        "title": "Desktop Support Technician"
      },
      "profileUrl": "https://www.gravatar.com/avatar/01e613045d0bbbe5e668ef45f8c6a57f?s=256&d=identicon",
      "id": "user_05f4ac447efc478c834e53ba0cb34444"
    },
    {
      "name": "Andree Allums",
      "custom": {
        "title": "VP Sales"
      },
      "profileUrl": "https://www.gravatar.com/avatar/c32a7effb967e24356147952954a881d?s=256&d=identicon",
      "id": "user_a56c20222c484ff8987ec9b69b0c8f5b"
    },
    {
      "name": "Trevor Triche",
      "custom": {
        "title": "Database Administrator III"
      },
      "profileUrl": "https://www.gravatar.com/avatar/3a7298b43005a7af8743bce2b879ef08?s=256&d=identicon",
      "id": "user_ee7e4c6cedbf40cdaaed6de7696b9329"
    },
    {
      "name": "gregory goolsby",
      "custom": {
        "title": "Software Test Engineer IV"
      },
      "profileUrl": "https://www.gravatar.com/avatar/17c6b815fb8a57ab092af5bfdeca7e75?s=256&d=identicon",
      "id": "user_c1ee1eda28554d0f88560a51862980b3"
    },
    {
      "name": "Shara Stellhorn",
      "custom": {
        "title": "Office Assistant III"
      },
      "profileUrl": "https://www.gravatar.com/avatar/aa4dea450b855cce0175054660a1e785?s=256&d=identicon",
      "id": "user_17b13f16a5164ca4b1e4d88ea434f5a1"
    },
    {
      "name": "Martina Mcneil",
      "custom": {
        "title": "VP Accounting"
      },
      "profileUrl": "https://www.gravatar.com/avatar/39a8c34ecbc0b972474ae9c44222c447?s=256&d=identicon",
      "id": "user_85d35cf84bf5456f8040cc733d9b09c9"
    },
    {
      "name": "Adelia Auten",
      "custom": {
        "title": "VP Marketing"
      },
      "profileUrl": "https://www.gravatar.com/avatar/823948c23e7d8354649cc65a8f77e7a9?s=256&d=identicon",
      "id": "user_fbc9a54790b24ee19441260970b171c0"
    },
    {
      "name": "Dino Darnall",
      "custom": {
        "title": "Technical Writer"
      },
      "profileUrl": "https://www.gravatar.com/avatar/c328dde5abe0647b95d251949fa5018e?s=256&d=identicon",
      "id": "user_0368d27f4d514079bc5cfd5678ec1fe7"
    },
    {
      "name": "Roxann Rothe",
      "custom": {
        "title": "Senior Developer"
      },
      "profileUrl": "https://www.gravatar.com/avatar/6e931e8e540111509245ba547b613981?s=256&d=identicon",
      "id": "user_5181e07992f44e94a1a81ae9a5d25777"
    },
    {
      "name": "Artie Amado",
      "custom": {
        "title": "Nuclear Power Engineer"
      },
      "profileUrl": "https://www.gravatar.com/avatar/27fd79db42c27eea29cc63087eb69729?s=256&d=identicon",
      "id": "user_fd6f86b6942d4940a895f4059cb188d7"
    },
    {
      "name": "Delores Dahlman",
      "custom": {
        "title": "Account Executive"
      },
      "profileUrl": "https://www.gravatar.com/avatar/d4000d02a797a754f7ea82dd6c71e1f2?s=256&d=identicon",
      "id": "user_5500315bf0a34f9b9dfa0e4fffcf49c2"
    },
    {
      "name": "Stewart Swarts",
      "custom": {
        "title": "Senior Editor"
      },
      "profileUrl": "https://www.gravatar.com/avatar/183612cf96ddbbf1ac8fd1078c04e6f7?s=256&d=identicon",
      "id": "user_30b5b567829e485ab6267c3c78d48ca3"
    },
    {
      "name": "Malcom Mehl",
      "custom": {
        "title": "Account Executive"
      },
      "profileUrl": "https://www.gravatar.com/avatar/f7f00883cecf308a0017829963515a96?s=256&d=identicon",
      "id": "user_4caced7ebd904676a897628662f37d32"
    },
    {
      "name": "Sharla Stano",
      "custom": {
        "title": "Safety Technician IV"
      },
      "profileUrl": "https://www.gravatar.com/avatar/c8cc385890f6c24d1ef853f553d8c4f6?s=256&d=identicon",
      "id": "user_0202a46151cc43af890caa521c40576e"
    },
    {
      "name": "Mimi Margolin",
      "custom": {
        "title": "Technical Writer"
      },
      "profileUrl": "https://www.gravatar.com/avatar/88b05f3cc820ca938b7b0ed610d5780d?s=256&d=identicon",
      "id": "user_b17878cd35154a258b86b63050963c74"
    },
    {
      "name": "Tyrell Tubb",
      "custom": {
        "title": "Help Desk Operator"
      },
      "profileUrl": "https://www.gravatar.com/avatar/8fa313655e507bfb31055bbf3a3ff3a5?s=256&d=identicon",
      "id": "user_61c5af696dde4a9388f95d402767db16"
    },
    {
      "name": "Conchita Colone",
      "custom": {
        "title": "VP Product Management"
      },
      "profileUrl": "https://www.gravatar.com/avatar/f5e4a7560c30d24ce0329ac30483e7f2?s=256&d=identicon",
      "id": "user_0a0579891c7148009ec254f7ae2e6367"
    },
    {
      "name": "Azalee Arviso",
      "custom": {
        "title": "Engineer III"
      },
      "profileUrl": "https://www.gravatar.com/avatar/473a0f22a6d87f2d61f43b4038c8e3af?s=256&d=identicon",
      "id": "user_ed145d8b0f094b83a2d51d428a59d0cb"
    },
    {
      "name": "Hilary Herrman",
      "custom": {
        "title": "Account Representative IV"
      },
      "profileUrl": "https://www.gravatar.com/avatar/dd057fb6c87f217bc027313875a9f9af?s=256&d=identicon",
      "id": "user_72a0cc784d4543f2b1d9cee9961d7e49"
    },
    {
      "name": "Loyce Letellier",
      "custom": {
        "title": "Product Engineer"
      },
      "profileUrl": "https://www.gravatar.com/avatar/fb3c48f0e3e139b9a2653e291348e8c2?s=256&d=identicon",
      "id": "user_149e60f3117d4fb280c992762d3c09e3"
    },
    {
      "name": "Sherell Studley",
      "custom": {
        "title": "Human Resources Manager"
      },
      "profileUrl": "https://www.gravatar.com/avatar/398dfc6d18f4cebcb48467bde1d890f4?s=256&d=identicon",
      "id": "user_35dd06f9b2c749cfb22ddb7b938c5c7c"
    },
    {
      "name": "Josef Jorgensen",
      "custom": {
        "title": "Account Executive"
      },
      "profileUrl": "https://www.gravatar.com/avatar/82e705e9b841df7b9e7627efe9c2b30e?s=256&d=identicon",
      "id": "user_00c56e75c0334ff0b248ca4292d20de3"
    },
    {
      "name": "Davida Dudash",
      "custom": {
        "title": "Sales Representative"
      },
      "profileUrl": "https://www.gravatar.com/avatar/4873cd826f36584281d73360173fe494?s=256&d=identicon",
      "id": "user_d43bfea6e4234f84ab377d664edf2576"
    },
    {
      "name": "Keven Klaus",
      "custom": {
        "title": "Speech Pathologist"
      },
      "profileUrl": "https://www.gravatar.com/avatar/c584cc115a3bf85bfb174b60e0397b99?s=256&d=identicon",
      "id": "user_cf808eb761754c399922e96b02ac8b94"
    },
    {
      "name": "tajuana topete",
      "custom": {
        "title": "Food Chemist"
      },
      "profileUrl": "https://www.gravatar.com/avatar/7de36a5bc36536ad6ceb3981411c3ffb?s=256&d=identicon",
      "id": "user_31be78e92e4e4218808007047cbdcebb"
    },
    {
      "name": "Virginia Vanwart",
      "custom": {
        "title": "Desktop Support Technician"
      },
      "profileUrl": "https://www.gravatar.com/avatar/e71ae0e560d66c933d39fc4a33e8919c?s=256&d=identicon",
      "id": "user_797c9f53bbc541f6b046fa32339bb2dd"
    },
    {
      "name": "Marita Millis",
      "custom": {
        "title": "Occupational Therapist"
      },
      "profileUrl": "https://www.gravatar.com/avatar/b999b324dd8593a33d7659b1c766ef9f?s=256&d=identicon",
      "id": "user_9a197f447f314f9ead993f12303d8c75"
    },
    {
      "name": "Melba Moreman",
      "custom": {
        "title": "Director of Sales"
      },
      "profileUrl": "https://www.gravatar.com/avatar/b1951c3e65ca6362c465f6ea75f0e86a?s=256&d=identicon",
      "id": "user_03bcea398fd6441c8f982abbdc94ef75"
    },
    {
      "name": "Jolyn Janes",
      "custom": {
        "title": "Pharmacist"
      },
      "profileUrl": "https://www.gravatar.com/avatar/4bb3e561a0aa1d6ca991233fc475741a?s=256&d=identicon",
      "id": "user_98dac32649e7488ea314a96f808e002d"
    },
    {
      "name": "Grady Gitlin",
      "custom": {
        "title": "Actuary"
      },
      "profileUrl": "https://www.gravatar.com/avatar/32549d6f525672e4b18a7cf9846e3952?s=256&d=identicon",
      "id": "user_cb3460da976442579c8f4785ec687ddf"
    },
    {
      "name": "Herbert Herrick",
      "custom": {
        "title": "VP Product Management"
      },
      "profileUrl": "https://www.gravatar.com/avatar/ec8254b0b880e80d46d93d65472e3711?s=256&d=identicon",
      "id": "user_29bea6fb93384c0f80254a5a9af66fe6"
    },
    {
      "name": "Consuela Cozart",
      "custom": {
        "title": "Pharmacist"
      },
      "profileUrl": "https://www.gravatar.com/avatar/e71ffcfd62692eb445a152497963224e?s=256&d=identicon",
      "id": "user_f5735bcc168445c38978e46969bc0019"
    },
    {
      "name": "Frank Farone",
      "custom": {
        "title": "Registered Nurse"
      },
      "profileUrl": "https://www.gravatar.com/avatar/028c44f591254ebb9b2948c1b04073c5?s=256&d=identicon",
      "id": "user_363d9255193e45f19513f4bfa9901fbe"
    },
    {
      "name": "Doreen Dimas",
      "custom": {
        "title": "Staff Scientist"
      },
      "profileUrl": "https://www.gravatar.com/avatar/077d07550a02a62ec53c66802f8708cb?s=256&d=identicon",
      "id": "user_1bc564bcaa4a476e8392c4c8e2b92983"
    },
    {
      "name": "Yasmin Yohe",
      "custom": {
        "title": "Director of Sales"
      },
      "profileUrl": "https://www.gravatar.com/avatar/22ec6d08ec2fe5dd441ba7d83c91c18e?s=256&d=identicon",
      "id": "user_2b0a9e355fc64fa2abf5ef92c87a76cb"
    },
    {
      "name": "Ty Tenny",
      "custom": {
        "title": "Nuclear Power Engineer"
      },
      "profileUrl": "https://www.gravatar.com/avatar/36c0e6bbf0a8fbc81ad419d877f62cb5?s=256&d=identicon",
      "id": "user_0b253029175b4ebb8b03c4281757406b"
    },
    {
      "name": "Eleonore Elbert",
      "custom": {
        "title": "Nurse Practicioner"
      },
      "profileUrl": "https://www.gravatar.com/avatar/563738d930a9af4837cf1fc3dae8b1e3?s=256&d=identicon",
      "id": "user_608169810dc143998c7964485415a5c7"
    },
    {
      "name": "Bettina Blumer",
      "custom": {
        "title": "Actuary"
      },
      "profileUrl": "https://www.gravatar.com/avatar/7f6987ed18ab8d0fe0c73f01fb44e140?s=256&d=identicon",
      "id": "user_732277cad5264ed48172c40f0f008104"
    },
    {
      "name": "Evelina Edlund",
      "custom": {
        "title": "Compensation Analyst"
      },
      "profileUrl": "https://www.gravatar.com/avatar/f6ea6613099567a43eb7b90de3eb5c91?s=256&d=identicon",
      "id": "user_4190b08bba444ec58beda6637361cfdb"
    },
    {
      "name": "Katrina Kilbane",
      "custom": {
        "title": "Programmer IV"
      },
      "profileUrl": "https://www.gravatar.com/avatar/63c11756bf431f65deb549e59c4c3131?s=256&d=identicon",
      "id": "user_18ded324eb4e465984b2971e990ef8c9"
    },
    {
      "name": "Rolande Raimondi",
      "custom": {
        "title": "Research Nurse"
      },
      "profileUrl": "https://www.gravatar.com/avatar/86990cf26efe1e7d3f7735c5d16844c0?s=256&d=identicon",
      "id": "user_78c3e3420b59441380eca3928a8a5b70"
    },
    {
      "name": "Alesha Amoroso",
      "custom": {
        "title": "VP Marketing"
      },
      "profileUrl": "https://www.gravatar.com/avatar/b557506434b781046e0930927cbe0c45?s=256&d=identicon",
      "id": "user_3c4400761cba4b65b77b6cae55fc21eb"
    },
    {
      "name": "Hannah Holen",
      "custom": {
        "title": "VP Marketing"
      },
      "profileUrl": "https://www.gravatar.com/avatar/63a0d3361e8b39f80585f36247c3b1d7?s=256&d=identicon",
      "id": "user_515fc9a2a1b043c3847a29f29f3b3c2a"
    },
    {
      "name": "Brenton Bossert",
      "custom": {
        "title": "Health Coach I"
      },
      "profileUrl": "https://www.gravatar.com/avatar/8fb9409291f70741b4b5a07b6e77d715?s=256&d=identicon",
      "id": "user_7261c27b34954ece93ac0d8a15520591"
    },
    {
      "name": "Patricia Payne",
      "custom": {
        "title": "Software Test Engineer IV"
      },
      "profileUrl": "https://www.gravatar.com/avatar/75046225bcd88b35e10a056f70d53c7f?s=256&d=identicon",
      "id": "user_55368a92e24e4e26a2e143db53205fd3"
    },
    {
      "name": "Carmelita Carmouche",
      "custom": {
        "title": "Help Desk Technician"
      },
      "profileUrl": "https://www.gravatar.com/avatar/cf6955836bb11a18da3458725b6c67a4?s=256&d=identicon",
      "id": "user_f32ea4a710104c06ad5858b0e22cfc88"
    },
    {
      "name": "Kanisha Kyle",
      "custom": {
        "title": "Pharmacist"
      },
      "profileUrl": "https://www.gravatar.com/avatar/fabfd2fdd1111956602b5a16b0035ca5?s=256&d=identicon",
      "id": "user_2fae5cc33cfb4cc1befdc261d8c81969"
    },
    {
      "name": "Patrick Piggott",
      "custom": {
        "title": "Dental Hygienist"
      },
      "profileUrl": "https://www.gravatar.com/avatar/837ce665abf644aacf118b27da2e702b?s=256&d=identicon",
      "id": "user_d84e6dadbdab4b75bfc51e17a9089546"
    },
    {
      "name": "Imogene Iverson",
      "custom": {
        "title": "Senior Financial Analyst"
      },
      "profileUrl": "https://www.gravatar.com/avatar/309c0b92db48ea691c70ca92ec0ed019?s=256&d=identicon",
      "id": "user_7ec3a868038049f2a7c6515fa64814c6"
    },
    {
      "name": "Zula Zufelt",
      "custom": {
        "title": "VP Product Management"
      },
      "profileUrl": "https://www.gravatar.com/avatar/29e3b01657aa849eba3711bcc1951c64?s=256&d=identicon",
      "id": "user_2bf0a23078ca4ea09ed6a86c9efa3b14"
    },
    {
      "name": "Chantal Casares",
      "custom": {
        "title": "Software Engineer I"
      },
      "profileUrl": "https://www.gravatar.com/avatar/af8550dd3ef4959023bef9a9b1721fd5?s=256&d=identicon",
      "id": "user_efc5b3ef96ea4bffbde733e249c8cbb3"
    },
    {
      "name": "Ruby Raybon",
      "custom": {
        "title": "Environmental Specialist"
      },
      "profileUrl": "https://www.gravatar.com/avatar/01f1cc8a44464a68d3d78962bb5cbf95?s=256&d=identicon",
      "id": "user_5be59efdf1bd49e18415c7829666c480"
    },
    {
      "name": "Lakenya Logan",
      "custom": {
        "title": "Office Assistant III"
      },
      "profileUrl": "https://www.gravatar.com/avatar/7c053f2fa508cb786468ade12ac35ecd?s=256&d=identicon",
      "id": "user_55f74958eb00441f8171f4f8757b0f24"
    },
    {
      "name": "Twila Tracey",
      "custom": {
        "title": "Environmental Tech"
      },
      "profileUrl": "https://www.gravatar.com/avatar/2c99ed9d834f4a75941d87a85245cfd1?s=256&d=identicon",
      "id": "user_91bfab48a8464589ae2aafb3858a9e7f"
    },
    {
      "name": "Junita Joubert",
      "custom": {
        "title": "Senior Sales Associate"
      },
      "profileUrl": "https://www.gravatar.com/avatar/eb62897f44e05c945d533950ae91497b?s=256&d=identicon",
      "id": "user_c1d462c8eba940f9bc76d3d88838bbfb"
    },
    {
      "name": "Zana Zimmerman",
      "custom": {
        "title": "Programmer II"
      },
      "profileUrl": "https://www.gravatar.com/avatar/188399a6feef5e3f54ea4a58528faf32?s=256&d=identicon",
      "id": "user_d2669ccf033f46c79b0adda40cf3383c"
    },
    {
      "name": "Birdie Baldree",
      "custom": {
        "title": "Professor"
      },
      "profileUrl": "https://www.gravatar.com/avatar/e2c52310fa341c4a44ed1f55450f10c7?s=256&d=identicon",
      "id": "user_142da3c419804a82a3057cedc86acaa6"
    },
    {
      "name": "Carmina Corvin",
      "custom": {
        "title": "Social Worker"
      },
      "profileUrl": "https://www.gravatar.com/avatar/b8560010f086a9ce7f2e4b347276a360?s=256&d=identicon",
      "id": "user_8e92a37f342b482facd1eebbd782006a"
    },
    {
      "name": "Gertie Gibbon",
      "custom": {
        "title": "Account Representative II"
      },
      "profileUrl": "https://www.gravatar.com/avatar/9e95672bf3246dc07b37f3b8668c5653?s=256&d=identicon",
      "id": "user_53bbe00387004010a8b9ad5f36bdd4a7"
    },
    {
      "name": "Karie Kivett",
      "custom": {
        "title": "Financial Advisor"
      },
      "profileUrl": "https://www.gravatar.com/avatar/cb56d31559f515e59c80c60dc694b586?s=256&d=identicon",
      "id": "user_c1b2080663a94817868eefb6cac8e18e"
    },
    {
      "name": "Seth Stransky",
      "custom": {
        "title": "Speech Pathologist"
      },
      "profileUrl": "https://www.gravatar.com/avatar/1897d32269e2a3bff36e4097f427a8c3?s=256&d=identicon",
      "id": "user_eff1792e14a746b99b1e92950848772c"
    },
    {
      "name": "Sol Steedley",
      "custom": {
        "title": "Sales Representative"
      },
      "profileUrl": "https://www.gravatar.com/avatar/a3ae8868e99ef471a286b6c10b12ee0c?s=256&d=identicon",
      "id": "user_a67530c8d4ac4ab4a27a9e4b129bdda5"
    },
    {
      "name": "Vanesa Voss",
      "custom": {
        "title": "Senior Cost Accountant"
      },
      "profileUrl": "https://www.gravatar.com/avatar/085bf39ee1264e35452a3afdd4670156?s=256&d=identicon",
      "id": "user_dce466f2ebf346168bae8c9024cc17f0"
    },
    {
      "name": "Danna Delacruz",
      "custom": {
        "title": "Desktop Support Technician"
      },
      "profileUrl": "https://www.gravatar.com/avatar/760d4ae535f004e86140426177f7ca58?s=256&d=identicon",
      "id": "user_912210948aa849eda2c3e0c2b58355e6"
    },
    {
      "name": "Rickie Roscoe",
      "custom": {
        "title": "Marketing Technologist"
      },
      "profileUrl": "https://www.gravatar.com/avatar/3a5745ea99666e10a37bb0821d40cbdc?s=256&d=identicon",
      "id": "user_a25f1a913867452594186bf056c9f165"
    },
    {
      "name": "Mason Morena",
      "custom": {
        "title": "Mechanical Systems Engineer"
      },
      "profileUrl": "https://www.gravatar.com/avatar/9e7f2adcf942576e81f2063d174e31c4?s=256&d=identicon",
      "id": "user_6b48d96586784272abaf89bd15f90295"
    },
    {
      "name": "Quinn Quinby",
      "custom": {
        "title": "Tax Accountant"
      },
      "profileUrl": "https://www.gravatar.com/avatar/683ce497da45a9b154a7e4afeff5d1f2?s=256&d=identicon",
      "id": "user_a109e9b5d75349c6ab3c0daf5baa2198"
    },
    {
      "name": "Nathaniel Nestor",
      "custom": {
        "title": "Mechanical Systems Engineer"
      },
      "profileUrl": "https://www.gravatar.com/avatar/ab6bda42b4db1d90f705cc109360bb55?s=256&d=identicon",
      "id": "user_a7f0471fb9c64a00af7b3029234cff99"
    },
    {
      "name": "Thea Twigg",
      "custom": {
        "title": "VP Sales"
      },
      "profileUrl": "https://www.gravatar.com/avatar/1e02eb9179ffde4e78e6108b71b918be?s=256&d=identicon",
      "id": "user_159709bbbb534b579770539e0c7d5037"
    },
    {
      "name": "Adaline Appleberry",
      "custom": {
        "title": "Office Assistant I"
      },
      "profileUrl": "https://www.gravatar.com/avatar/20303ed137a5463b53b6218fc707f2b5?s=256&d=identicon",
      "id": "user_63ea15931d8541a3bd35e5b1f09087dc"
    },
    {
      "name": "Marylee Metzgar",
      "custom": {
        "title": "Graphic Designer"
      },
      "profileUrl": "https://www.gravatar.com/avatar/0958c5a5b576649a4f9ff659bca028f2?s=256&d=identicon",
      "id": "user_6a535a77e2aa4a109373ac6670d6c2a3"
    },
    {
      "name": "Nobuko Nitta",
      "custom": {
        "title": "Product Engineer"
      },
      "profileUrl": "https://www.gravatar.com/avatar/ffaf90b2f8a3aa9f9a833aeefd76a6cc?s=256&d=identicon",
      "id": "user_aa51f0825ce24faa8bf66709c7d454c2"
    },
    {
      "name": "Kristina Korando",
      "custom": {
        "title": "Assistant Media Planner"
      },
      "profileUrl": "https://www.gravatar.com/avatar/96f095c62d00e7d28dce81c81e3aad45?s=256&d=identicon",
      "id": "user_e017338080be4aa7898de218458ff2a5"
    },
    {
      "name": "Sophie Schock",
      "custom": {
        "title": "Junior Executive"
      },
      "profileUrl": "https://www.gravatar.com/avatar/458f96f2d73751c49d0b7a3864ea7665?s=256&d=identicon",
      "id": "user_2208f461810144cb8994ecc5136cc3ee"
    },
    {
      "name": "Hoa Hudec",
      "custom": {
        "title": "Senior Cost Accountant"
      },
      "profileUrl": "https://www.gravatar.com/avatar/20389b03e671ba9fe0a48c9ca7c4299c?s=256&d=identicon",
      "id": "user_93e25fbcac7a4a9c9e5b0e8fa75ac673"
    },
    {
      "name": "Veola Vernon",
      "custom": {
        "title": "Environmental Tech"
      },
      "profileUrl": "https://www.gravatar.com/avatar/8c5b1088021adc4b6ca385148fbd50f6?s=256&d=identicon",
      "id": "user_f4905c936732451b85fd82acc4c45bba"
    },
    {
      "name": "Sally Southworth",
      "custom": {
        "title": "Paralegal"
      },
      "profileUrl": "https://www.gravatar.com/avatar/cfdcbb638ff2ba74ec3dbc4a44cbfb70?s=256&d=identicon",
      "id": "user_4205ea2b9cc549048d4b2e9da389c348"
    },
    {
      "name": "Janeen Jefferson",
      "custom": {
        "title": "Desktop Support Technician"
      },
      "profileUrl": "https://www.gravatar.com/avatar/cc912bd3fd19798ed0714c3b3cc4c48f?s=256&d=identicon",
      "id": "user_f04ca61de8ba44af8e50ed5bd37ff822"
    },
    {
      "name": "Carlene Cruce",
      "custom": {
        "title": "Compensation Analyst"
      },
      "profileUrl": "https://www.gravatar.com/avatar/5ce4102c2ad68fe0eade66ce898c7f23?s=256&d=identicon",
      "id": "user_4e2f18aba20640cf922c8bc485941f8e"
    },
    {
      "name": "Bertie Blomberg",
      "custom": {
        "title": "Director of Sales"
      },
      "profileUrl": "https://www.gravatar.com/avatar/7bfce5de15740cc223140e061c7c29ea?s=256&d=identicon",
      "id": "user_fcde9d330a5d41a8b810de6cfacff64d"
    },
    {
      "name": "Mikki Mosher",
      "custom": {
        "title": "Sales Representative"
      },
      "profileUrl": "https://www.gravatar.com/avatar/5dcd54c23c0fca6b675a71ef8affa360?s=256&d=identicon",
      "id": "user_dfc0406700564f0797038bebeabb617f"
    },
    {
      "name": "Leonardo Lukasik",
      "custom": {
        "title": "Help Desk Technician"
      },
      "profileUrl": "https://www.gravatar.com/avatar/c7ba057046ede8654ed23d73857190bb?s=256&d=identicon",
      "id": "user_00505cca5b04460fafd716af48665ca1"
    },
    {
      "name": "Bradley Brigman",
      "custom": {
        "title": "Registered Nurse"
      },
      "profileUrl": "https://www.gravatar.com/avatar/5ee583caf76b3f0d2a64e456d74f1204?s=256&d=identicon",
      "id": "user_47557ad75d4047efab1b6577cec3efe7"
    },
    {
      "name": "Booker Burchfield",
      "custom": {
        "title": "Environmental Tech"
      },
      "profileUrl": "https://www.gravatar.com/avatar/fbc5b370d21808c7810fb3dd4e1a91a4?s=256&d=identicon",
      "id": "user_0149372b160544cf981b6284dd2b5e45"
    },
    {
      "name": "Elin Emmanuel",
      "custom": {
        "title": "Senior Editor"
      },
      "profileUrl": "https://www.gravatar.com/avatar/9c4ce26077e33df78b2acc525a04c660?s=256&d=identicon",
      "id": "user_fd92e551358e4af1b610cb9bafe39494"
    },
    {
      "name": "Angelica Ates",
      "custom": {
        "title": "Technical Writer"
      },
      "profileUrl": "https://www.gravatar.com/avatar/d14d9ee076e6b23e11f4a71120974b4a?s=256&d=identicon",
      "id": "user_ffea0ad773f3424592e76f5108deaaaa"
    },
    {
      "name": "Ronny Raffa",
      "custom": {
        "title": "VP Product Management"
      },
      "profileUrl": "https://www.gravatar.com/avatar/11e9996402d7e921a55192bdf957bc18?s=256&d=identicon",
      "id": "user_16cc89c2e06c497cb65930f0c4729dce"
    },
    {
      "name": "Ardith Arbogast",
      "custom": {
        "title": "Product Engineer"
      },
      "profileUrl": "https://www.gravatar.com/avatar/18f19a21b3825076e4eabc56d56df7a8?s=256&d=identicon",
      "id": "user_e0e43601f93249c382415521188f0208"
    },
    {
      "name": "Lilli Longwell",
      "custom": {
        "title": "Human Resources Manager"
      },
      "profileUrl": "https://www.gravatar.com/avatar/201f561401ca0078dfeb3327aabafffb?s=256&d=identicon",
      "id": "user_868e2d4ecf61494ea10140a00abdb0e5"
    },
    {
      "name": "Della Dority",
      "custom": {
        "title": "Account Executive"
      },
      "profileUrl": "https://www.gravatar.com/avatar/99f2cccf2e89b79ca7f90b4982022c28?s=256&d=identicon",
      "id": "user_fb9ca56c8d3547268f2d589a6fcb1556"
    },
    {
      "name": "Star Sletten",
      "custom": {
        "title": "Sales Representative"
      },
      "profileUrl": "https://www.gravatar.com/avatar/b46907370af2568ecc22bd061e4682a7?s=256&d=identicon",
      "id": "user_a204f87d215a409798be9fb207685f44"
    }
  ],
  "spaces": [
    {
      "name": "Introductions",
      "description": "This channel is for company wide chatter",
      "id": "space_ac4e67b98b34b44c4a39466e93e"
    },
    {
      "name": "Off Topic",
      "description": "Non-work banter and water cooler conversation",
      "id": "space_a204f87d215a40985d35cf84bf5"
    },
    {
      "name": "India Office",
      "description": "भारत के कार्यालय में आपका स्वागत है🇮🇳!",
      "id": "space_515fc9a2a1a895f4059c84b2971"
    },
    {
      "name": "London Office",
      "description": "London Office 🇬🇧",
      "id": "space_a652eb6cc340334ff0b244c4a39"
    },
    {
      "name": "Poland Office",
      "description": "Zapytaj nas o co kolwiek 🇵🇱",
      "id": "space_c1ee1eda28554d0a34f9b9df5cfe"
    },
    {
      "name": "Daily Standup",
      "description": "Async virtual standup",
      "id": "space_2ada61db17878cd388f95da34f9"
    },
    {
      "name": "Exec AMA",
      "description": "Ask the CEO anything",
      "id": "space_e1eda2fd92e551358e4af1b6174"
    },
    {
      "name": "Company Culture",
      "description": "Company culture space",
      "id": "space_ce466f2e445c38976168ba78e46"
    },
    {
      "name": "Movies",
      "description": "Everything about movies",
      "id": "space_149e60f311749f2a7c6515f7b34"
    },
    {
      "name": "Running",
      "description": "soc-running space",
      "id": "space_363d9255193e45f190539e0c7d5"
    }
  ],
  "members": [
    {
      "space": "space_ac4e67b98b34b44c4a39466e93e",
      "members": [
        "user_a652eb6cc34b44c4a39b28fcc24d062b",
        "user_d06c7d5ddc1c4c85bd66844198b2ca38",
        "user_a673547880824a0687b3041af36a5de4",
        "user_102a15c8bc394bdc90d1c8eab58b1de9",
        "user_2ada61d287aa42b59d620c474493474f",
        "user_4ec689d24845466e93ee358c40358473",
        "user_83647bfb6bcd412d93b1e57e1b602d3a",
        "user_def709b1adfc4e67b98bb7a820f581b1",
        "user_6ef19fcc68824f9f9e3d908d796f21a3",
        "user_05f4ac447efc478c834e53ba0cb34444",
        "user_a56c20222c484ff8987ec9b69b0c8f5b",
        "user_ee7e4c6cedbf40cdaaed6de7696b9329",
        "user_c1ee1eda28554d0f88560a51862980b3",
        "user_17b13f16a5164ca4b1e4d88ea434f5a1",
        "user_85d35cf84bf5456f8040cc733d9b09c9",
        "user_fbc9a54790b24ee19441260970b171c0",
        "user_0368d27f4d514079bc5cfd5678ec1fe7",
        "user_5181e07992f44e94a1a81ae9a5d25777",
        "user_fd6f86b6942d4940a895f4059cb188d7",
        "user_5500315bf0a34f9b9dfa0e4fffcf49c2",
        "user_30b5b567829e485ab6267c3c78d48ca3",
        "user_4caced7ebd904676a897628662f37d32",
        "user_0202a46151cc43af890caa521c40576e",
        "user_b17878cd35154a258b86b63050963c74",
        "user_61c5af696dde4a9388f95d402767db16",
        "user_0a0579891c7148009ec254f7ae2e6367",
        "user_ed145d8b0f094b83a2d51d428a59d0cb",
        "user_72a0cc784d4543f2b1d9cee9961d7e49",
        "user_149e60f3117d4fb280c992762d3c09e3",
        "user_35dd06f9b2c749cfb22ddb7b938c5c7c",
        "user_00c56e75c0334ff0b248ca4292d20de3",
        "user_d43bfea6e4234f84ab377d664edf2576",
        "user_cf808eb761754c399922e96b02ac8b94",
        "user_31be78e92e4e4218808007047cbdcebb",
        "user_797c9f53bbc541f6b046fa32339bb2dd",
        "user_9a197f447f314f9ead993f12303d8c75",
        "user_03bcea398fd6441c8f982abbdc94ef75",
        "user_98dac32649e7488ea314a96f808e002d",
        "user_cb3460da976442579c8f4785ec687ddf",
        "user_29bea6fb93384c0f80254a5a9af66fe6",
        "user_f5735bcc168445c38978e46969bc0019",
        "user_363d9255193e45f19513f4bfa9901fbe",
        "user_1bc564bcaa4a476e8392c4c8e2b92983",
        "user_2b0a9e355fc64fa2abf5ef92c87a76cb",
        "user_0b253029175b4ebb8b03c4281757406b",
        "user_608169810dc143998c7964485415a5c7",
        "user_732277cad5264ed48172c40f0f008104",
        "user_4190b08bba444ec58beda6637361cfdb",
        "user_18ded324eb4e465984b2971e990ef8c9",
        "user_78c3e3420b59441380eca3928a8a5b70",
        "user_3c4400761cba4b65b77b6cae55fc21eb",
        "user_515fc9a2a1b043c3847a29f29f3b3c2a",
        "user_7261c27b34954ece93ac0d8a15520591",
        "user_55368a92e24e4e26a2e143db53205fd3",
        "user_f32ea4a710104c06ad5858b0e22cfc88",
        "user_2fae5cc33cfb4cc1befdc261d8c81969",
        "user_d84e6dadbdab4b75bfc51e17a9089546",
        "user_7ec3a868038049f2a7c6515fa64814c6",
        "user_2bf0a23078ca4ea09ed6a86c9efa3b14",
        "user_efc5b3ef96ea4bffbde733e249c8cbb3",
        "user_5be59efdf1bd49e18415c7829666c480",
        "user_55f74958eb00441f8171f4f8757b0f24",
        "user_91bfab48a8464589ae2aafb3858a9e7f",
        "user_c1d462c8eba940f9bc76d3d88838bbfb",
        "user_d2669ccf033f46c79b0adda40cf3383c",
        "user_142da3c419804a82a3057cedc86acaa6",
        "user_8e92a37f342b482facd1eebbd782006a",
        "user_53bbe00387004010a8b9ad5f36bdd4a7",
        "user_c1b2080663a94817868eefb6cac8e18e",
        "user_eff1792e14a746b99b1e92950848772c",
        "user_a67530c8d4ac4ab4a27a9e4b129bdda5",
        "user_dce466f2ebf346168bae8c9024cc17f0",
        "user_912210948aa849eda2c3e0c2b58355e6",
        "user_a25f1a913867452594186bf056c9f165",
        "user_6b48d96586784272abaf89bd15f90295",
        "user_a109e9b5d75349c6ab3c0daf5baa2198",
        "user_a7f0471fb9c64a00af7b3029234cff99",
        "user_159709bbbb534b579770539e0c7d5037",
        "user_63ea15931d8541a3bd35e5b1f09087dc",
        "user_6a535a77e2aa4a109373ac6670d6c2a3",
        "user_aa51f0825ce24faa8bf66709c7d454c2",
        "user_e017338080be4aa7898de218458ff2a5",
        "user_2208f461810144cb8994ecc5136cc3ee",
        "user_93e25fbcac7a4a9c9e5b0e8fa75ac673",
        "user_f4905c936732451b85fd82acc4c45bba",
        "user_4205ea2b9cc549048d4b2e9da389c348",
        "user_f04ca61de8ba44af8e50ed5bd37ff822",
        "user_4e2f18aba20640cf922c8bc485941f8e",
        "user_fcde9d330a5d41a8b810de6cfacff64d",
        "user_dfc0406700564f0797038bebeabb617f",
        "user_00505cca5b04460fafd716af48665ca1",
        "user_47557ad75d4047efab1b6577cec3efe7",
        "user_0149372b160544cf981b6284dd2b5e45",
        "user_fd92e551358e4af1b610cb9bafe39494",
        "user_ffea0ad773f3424592e76f5108deaaaa",
        "user_16cc89c2e06c497cb65930f0c4729dce",
        "user_e0e43601f93249c382415521188f0208",
        "user_868e2d4ecf61494ea10140a00abdb0e5",
        "user_fb9ca56c8d3547268f2d589a6fcb1556",
        "user_a204f87d215a409798be9fb207685f44"
      ]
    },
    {
      "space": "space_a204f87d215a40985d35cf84bf5",
      "members": [
        "user_30b5b567829e485ab6267c3c78d48ca3",
        "user_7261c27b34954ece93ac0d8a15520591",
        "user_72a0cc784d4543f2b1d9cee9961d7e49",
        "user_2208f461810144cb8994ecc5136cc3ee",
        "user_91bfab48a8464589ae2aafb3858a9e7f",
        "user_a204f87d215a409798be9fb207685f44",
        "user_18ded324eb4e465984b2971e990ef8c9",
        "user_cb3460da976442579c8f4785ec687ddf",
        "user_c1b2080663a94817868eefb6cac8e18e",
        "user_85d35cf84bf5456f8040cc733d9b09c9"
      ]
    },
    {
      "space": "space_515fc9a2a1a895f4059c84b2971",
      "members": [
        "user_a652eb6cc34b44c4a39b28fcc24d062b",
        "user_d06c7d5ddc1c4c85bd66844198b2ca38",
        "user_a673547880824a0687b3041af36a5de4",
        "user_102a15c8bc394bdc90d1c8eab58b1de9",
        "user_2ada61d287aa42b59d620c474493474f",
        "user_4ec689d24845466e93ee358c40358473",
        "user_83647bfb6bcd412d93b1e57e1b602d3a",
        "user_def709b1adfc4e67b98bb7a820f581b1",
        "user_6ef19fcc68824f9f9e3d908d796f21a3",
        "user_05f4ac447efc478c834e53ba0cb34444",
        "user_a56c20222c484ff8987ec9b69b0c8f5b",
        "user_ee7e4c6cedbf40cdaaed6de7696b9329",
        "user_c1ee1eda28554d0f88560a51862980b3",
        "user_17b13f16a5164ca4b1e4d88ea434f5a1",
        "user_85d35cf84bf5456f8040cc733d9b09c9",
        "user_fbc9a54790b24ee19441260970b171c0",
        "user_0368d27f4d514079bc5cfd5678ec1fe7",
        "user_5181e07992f44e94a1a81ae9a5d25777",
        "user_fd6f86b6942d4940a895f4059cb188d7",
        "user_5500315bf0a34f9b9dfa0e4fffcf49c2",
        "user_30b5b567829e485ab6267c3c78d48ca3",
        "user_4caced7ebd904676a897628662f37d32",
        "user_0202a46151cc43af890caa521c40576e",
        "user_b17878cd35154a258b86b63050963c74",
        "user_61c5af696dde4a9388f95d402767db16",
        "user_0a0579891c7148009ec254f7ae2e6367",
        "user_ed145d8b0f094b83a2d51d428a59d0cb",
        "user_72a0cc784d4543f2b1d9cee9961d7e49",
        "user_149e60f3117d4fb280c992762d3c09e3",
        "user_35dd06f9b2c749cfb22ddb7b938c5c7c",
        "user_00c56e75c0334ff0b248ca4292d20de3",
        "user_d43bfea6e4234f84ab377d664edf2576",
        "user_cf808eb761754c399922e96b02ac8b94",
        "user_31be78e92e4e4218808007047cbdcebb",
        "user_797c9f53bbc541f6b046fa32339bb2dd",
        "user_9a197f447f314f9ead993f12303d8c75",
        "user_03bcea398fd6441c8f982abbdc94ef75",
        "user_98dac32649e7488ea314a96f808e002d",
        "user_cb3460da976442579c8f4785ec687ddf",
        "user_29bea6fb93384c0f80254a5a9af66fe6",
        "user_f5735bcc168445c38978e46969bc0019",
        "user_363d9255193e45f19513f4bfa9901fbe",
        "user_1bc564bcaa4a476e8392c4c8e2b92983",
        "user_2b0a9e355fc64fa2abf5ef92c87a76cb",
        "user_0b253029175b4ebb8b03c4281757406b",
        "user_608169810dc143998c7964485415a5c7",
        "user_732277cad5264ed48172c40f0f008104",
        "user_4190b08bba444ec58beda6637361cfdb",
        "user_18ded324eb4e465984b2971e990ef8c9",
        "user_78c3e3420b59441380eca3928a8a5b70",
        "user_3c4400761cba4b65b77b6cae55fc21eb",
        "user_515fc9a2a1b043c3847a29f29f3b3c2a",
        "user_7261c27b34954ece93ac0d8a15520591",
        "user_55368a92e24e4e26a2e143db53205fd3",
        "user_f32ea4a710104c06ad5858b0e22cfc88",
        "user_2fae5cc33cfb4cc1befdc261d8c81969",
        "user_d84e6dadbdab4b75bfc51e17a9089546",
        "user_7ec3a868038049f2a7c6515fa64814c6",
        "user_2bf0a23078ca4ea09ed6a86c9efa3b14",
        "user_efc5b3ef96ea4bffbde733e249c8cbb3",
        "user_5be59efdf1bd49e18415c7829666c480",
        "user_55f74958eb00441f8171f4f8757b0f24",
        "user_91bfab48a8464589ae2aafb3858a9e7f",
        "user_c1d462c8eba940f9bc76d3d88838bbfb",
        "user_d2669ccf033f46c79b0adda40cf3383c",
        "user_142da3c419804a82a3057cedc86acaa6",
        "user_8e92a37f342b482facd1eebbd782006a",
        "user_53bbe00387004010a8b9ad5f36bdd4a7",
        "user_c1b2080663a94817868eefb6cac8e18e",
        "user_eff1792e14a746b99b1e92950848772c",
        "user_a67530c8d4ac4ab4a27a9e4b129bdda5",
        "user_dce466f2ebf346168bae8c9024cc17f0",
        "user_912210948aa849eda2c3e0c2b58355e6",
        "user_a25f1a913867452594186bf056c9f165",
        "user_6b48d96586784272abaf89bd15f90295",
        "user_a109e9b5d75349c6ab3c0daf5baa2198",
        "user_a7f0471fb9c64a00af7b3029234cff99",
        "user_159709bbbb534b579770539e0c7d5037",
        "user_63ea15931d8541a3bd35e5b1f09087dc",
        "user_6a535a77e2aa4a109373ac6670d6c2a3",
        "user_aa51f0825ce24faa8bf66709c7d454c2",
        "user_e017338080be4aa7898de218458ff2a5",
        "user_2208f461810144cb8994ecc5136cc3ee",
        "user_93e25fbcac7a4a9c9e5b0e8fa75ac673",
        "user_f4905c936732451b85fd82acc4c45bba",
        "user_4205ea2b9cc549048d4b2e9da389c348",
        "user_f04ca61de8ba44af8e50ed5bd37ff822",
        "user_4e2f18aba20640cf922c8bc485941f8e",
        "user_fcde9d330a5d41a8b810de6cfacff64d",
        "user_dfc0406700564f0797038bebeabb617f",
        "user_00505cca5b04460fafd716af48665ca1",
        "user_47557ad75d4047efab1b6577cec3efe7",
        "user_0149372b160544cf981b6284dd2b5e45",
        "user_fd92e551358e4af1b610cb9bafe39494",
        "user_ffea0ad773f3424592e76f5108deaaaa",
        "user_16cc89c2e06c497cb65930f0c4729dce",
        "user_e0e43601f93249c382415521188f0208",
        "user_868e2d4ecf61494ea10140a00abdb0e5",
        "user_fb9ca56c8d3547268f2d589a6fcb1556",
        "user_a204f87d215a409798be9fb207685f44"
      ]
    },
    {
      "space": "space_a652eb6cc340334ff0b244c4a39",
      "members": [
        "user_55368a92e24e4e26a2e143db53205fd3",
        "user_2208f461810144cb8994ecc5136cc3ee",
        "user_f5735bcc168445c38978e46969bc0019",
        "user_a673547880824a0687b3041af36a5de4",
        "user_cb3460da976442579c8f4785ec687ddf",
        "user_a652eb6cc34b44c4a39b28fcc24d062b",
        "user_0202a46151cc43af890caa521c40576e",
        "user_ed145d8b0f094b83a2d51d428a59d0cb",
        "user_0149372b160544cf981b6284dd2b5e45",
        "user_00c56e75c0334ff0b248ca4292d20de3",
        "user_c1ee1eda28554d0f88560a51862980b3",
        "user_fd92e551358e4af1b610cb9bafe39494",
        "user_30b5b567829e485ab6267c3c78d48ca3",
        "user_dfc0406700564f0797038bebeabb617f",
        "user_608169810dc143998c7964485415a5c7"
      ]
    },
    {
      "space": "space_c1ee1eda28554d0a34f9b9df5cfe",
      "members": [
        "user_149e60f3117d4fb280c992762d3c09e3",
        "user_a204f87d215a409798be9fb207685f44",
        "user_0368d27f4d514079bc5cfd5678ec1fe7",
        "user_fd92e551358e4af1b610cb9bafe39494",
        "user_aa51f0825ce24faa8bf66709c7d454c2",
        "user_5500315bf0a34f9b9dfa0e4fffcf49c2",
        "user_05f4ac447efc478c834e53ba0cb34444",
        "user_7261c27b34954ece93ac0d8a15520591",
        "user_c1b2080663a94817868eefb6cac8e18e",
        "user_2fae5cc33cfb4cc1befdc261d8c81969",
        "user_912210948aa849eda2c3e0c2b58355e6",
        "user_868e2d4ecf61494ea10140a00abdb0e5",
        "user_55368a92e24e4e26a2e143db53205fd3",
        "user_c1ee1eda28554d0f88560a51862980b3",
        "user_30b5b567829e485ab6267c3c78d48ca3",
        "user_efc5b3ef96ea4bffbde733e249c8cbb3",
        "user_29bea6fb93384c0f80254a5a9af66fe6",
        "user_78c3e3420b59441380eca3928a8a5b70"
      ]
    },
    {
      "space": "space_2ada61db17878cd388f95da34f9",
      "members": [
        "user_5500315bf0a34f9b9dfa0e4fffcf49c2",
        "user_a67530c8d4ac4ab4a27a9e4b129bdda5",
        "user_2bf0a23078ca4ea09ed6a86c9efa3b14",
        "user_61c5af696dde4a9388f95d402767db16",
        "user_05f4ac447efc478c834e53ba0cb34444",
        "user_0b253029175b4ebb8b03c4281757406b",
        "user_a652eb6cc34b44c4a39b28fcc24d062b",
        "user_4caced7ebd904676a897628662f37d32",
        "user_2ada61d287aa42b59d620c474493474f",
        "user_0149372b160544cf981b6284dd2b5e45",
        "user_eff1792e14a746b99b1e92950848772c",
        "user_6ef19fcc68824f9f9e3d908d796f21a3",
        "user_0a0579891c7148009ec254f7ae2e6367",
        "user_868e2d4ecf61494ea10140a00abdb0e5",
        "user_b17878cd35154a258b86b63050963c74",
        "user_17b13f16a5164ca4b1e4d88ea434f5a1",
        "user_2208f461810144cb8994ecc5136cc3ee",
        "user_a56c20222c484ff8987ec9b69b0c8f5b",
        "user_6a535a77e2aa4a109373ac6670d6c2a3"
      ]
    },
    {
      "space": "space_e1eda2fd92e551358e4af1b6174",
      "members": [
        "user_72a0cc784d4543f2b1d9cee9961d7e49",
        "user_fbc9a54790b24ee19441260970b171c0",
        "user_c1ee1eda28554d0f88560a51862980b3",
        "user_aa51f0825ce24faa8bf66709c7d454c2",
        "user_f04ca61de8ba44af8e50ed5bd37ff822",
        "user_0368d27f4d514079bc5cfd5678ec1fe7",
        "user_fd92e551358e4af1b610cb9bafe39494",
        "user_0202a46151cc43af890caa521c40576e",
        "user_35dd06f9b2c749cfb22ddb7b938c5c7c",
        "user_4190b08bba444ec58beda6637361cfdb",
        "user_17b13f16a5164ca4b1e4d88ea434f5a1",
        "user_d43bfea6e4234f84ab377d664edf2576"
      ]
    },
    {
      "space": "space_ce466f2e445c38976168ba78e46",
      "members": [
        "user_16cc89c2e06c497cb65930f0c4729dce",
        "user_dfc0406700564f0797038bebeabb617f",
        "user_7ec3a868038049f2a7c6515fa64814c6",
        "user_4190b08bba444ec58beda6637361cfdb",
        "user_3c4400761cba4b65b77b6cae55fc21eb",
        "user_f32ea4a710104c06ad5858b0e22cfc88",
        "user_a673547880824a0687b3041af36a5de4",
        "user_cb3460da976442579c8f4785ec687ddf",
        "user_fbc9a54790b24ee19441260970b171c0",
        "user_f5735bcc168445c38978e46969bc0019",
        "user_2208f461810144cb8994ecc5136cc3ee",
        "user_fcde9d330a5d41a8b810de6cfacff64d",
        "user_c1ee1eda28554d0f88560a51862980b3",
        "user_f04ca61de8ba44af8e50ed5bd37ff822",
        "user_72a0cc784d4543f2b1d9cee9961d7e49",
        "user_29bea6fb93384c0f80254a5a9af66fe6",
        "user_149e60f3117d4fb280c992762d3c09e3"
      ]
    },
    {
      "space": "space_149e60f311749f2a7c6515f7b34",
      "members": [
        "user_a652eb6cc34b44c4a39b28fcc24d062b",
        "user_d06c7d5ddc1c4c85bd66844198b2ca38",
        "user_a673547880824a0687b3041af36a5de4",
        "user_102a15c8bc394bdc90d1c8eab58b1de9",
        "user_2ada61d287aa42b59d620c474493474f",
        "user_4ec689d24845466e93ee358c40358473",
        "user_83647bfb6bcd412d93b1e57e1b602d3a",
        "user_def709b1adfc4e67b98bb7a820f581b1",
        "user_6ef19fcc68824f9f9e3d908d796f21a3",
        "user_05f4ac447efc478c834e53ba0cb34444",
        "user_a56c20222c484ff8987ec9b69b0c8f5b",
        "user_ee7e4c6cedbf40cdaaed6de7696b9329",
        "user_c1ee1eda28554d0f88560a51862980b3",
        "user_17b13f16a5164ca4b1e4d88ea434f5a1",
        "user_85d35cf84bf5456f8040cc733d9b09c9",
        "user_fbc9a54790b24ee19441260970b171c0",
        "user_0368d27f4d514079bc5cfd5678ec1fe7",
        "user_5181e07992f44e94a1a81ae9a5d25777",
        "user_fd6f86b6942d4940a895f4059cb188d7",
        "user_5500315bf0a34f9b9dfa0e4fffcf49c2",
        "user_30b5b567829e485ab6267c3c78d48ca3",
        "user_4caced7ebd904676a897628662f37d32",
        "user_0202a46151cc43af890caa521c40576e",
        "user_b17878cd35154a258b86b63050963c74",
        "user_61c5af696dde4a9388f95d402767db16",
        "user_0a0579891c7148009ec254f7ae2e6367",
        "user_ed145d8b0f094b83a2d51d428a59d0cb",
        "user_72a0cc784d4543f2b1d9cee9961d7e49",
        "user_149e60f3117d4fb280c992762d3c09e3",
        "user_35dd06f9b2c749cfb22ddb7b938c5c7c",
        "user_00c56e75c0334ff0b248ca4292d20de3",
        "user_d43bfea6e4234f84ab377d664edf2576",
        "user_cf808eb761754c399922e96b02ac8b94",
        "user_31be78e92e4e4218808007047cbdcebb",
        "user_797c9f53bbc541f6b046fa32339bb2dd",
        "user_9a197f447f314f9ead993f12303d8c75",
        "user_03bcea398fd6441c8f982abbdc94ef75",
        "user_98dac32649e7488ea314a96f808e002d",
        "user_cb3460da976442579c8f4785ec687ddf",
        "user_29bea6fb93384c0f80254a5a9af66fe6",
        "user_f5735bcc168445c38978e46969bc0019",
        "user_363d9255193e45f19513f4bfa9901fbe",
        "user_1bc564bcaa4a476e8392c4c8e2b92983"
      ]
    },
    {
      "space": "space_363d9255193e45f190539e0c7d5",
      "members": [
        "user_3c4400761cba4b65b77b6cae55fc21eb",
        "user_515fc9a2a1b043c3847a29f29f3b3c2a",
        "user_7261c27b34954ece93ac0d8a15520591",
        "user_55368a92e24e4e26a2e143db53205fd3",
        "user_f32ea4a710104c06ad5858b0e22cfc88",
        "user_2fae5cc33cfb4cc1befdc261d8c81969",
        "user_d84e6dadbdab4b75bfc51e17a9089546",
        "user_7ec3a868038049f2a7c6515fa64814c6",
        "user_2bf0a23078ca4ea09ed6a86c9efa3b14",
        "user_efc5b3ef96ea4bffbde733e249c8cbb3",
        "user_5be59efdf1bd49e18415c7829666c480",
        "user_55f74958eb00441f8171f4f8757b0f24",
        "user_91bfab48a8464589ae2aafb3858a9e7f",
        "user_c1d462c8eba940f9bc76d3d88838bbfb",
        "user_d2669ccf033f46c79b0adda40cf3383c",
        "user_142da3c419804a82a3057cedc86acaa6",
        "user_8e92a37f342b482facd1eebbd782006a",
        "user_53bbe00387004010a8b9ad5f36bdd4a7",
        "user_c1b2080663a94817868eefb6cac8e18e",
        "user_eff1792e14a746b99b1e92950848772c",
        "user_a67530c8d4ac4ab4a27a9e4b129bdda5",
        "user_dce466f2ebf346168bae8c9024cc17f0",
        "user_912210948aa849eda2c3e0c2b58355e6",
        "user_a25f1a913867452594186bf056c9f165",
        "user_6b48d96586784272abaf89bd15f90295",
        "user_a109e9b5d75349c6ab3c0daf5baa2198",
        "user_a7f0471fb9c64a00af7b3029234cff99",
        "user_159709bbbb534b579770539e0c7d5037",
        "user_63ea15931d8541a3bd35e5b1f09087dc",
        "user_6a535a77e2aa4a109373ac6670d6c2a3",
        "user_aa51f0825ce24faa8bf66709c7d454c2",
        "user_e017338080be4aa7898de218458ff2a5",
        "user_2208f461810144cb8994ecc5136cc3ee",
        "user_93e25fbcac7a4a9c9e5b0e8fa75ac673",
        "user_f4905c936732451b85fd82acc4c45bba",
        "user_4205ea2b9cc549048d4b2e9da389c348",
        "user_f04ca61de8ba44af8e50ed5bd37ff822",
        "user_4e2f18aba20640cf922c8bc485941f8e",
        "user_fcde9d330a5d41a8b810de6cfacff64d",
        "user_dfc0406700564f0797038bebeabb617f",
        "user_00505cca5b04460fafd716af48665ca1",
        "user_47557ad75d4047efab1b6577cec3efe7",
        "user_0149372b160544cf981b6284dd2b5e45",
        "user_fd92e551358e4af1b610cb9bafe39494",
        "user_ffea0ad773f3424592e76f5108deaaaa",
        "user_16cc89c2e06c497cb65930f0c4729dce",
        "user_e0e43601f93249c382415521188f0208",
        "user_868e2d4ecf61494ea10140a00abdb0e5",
        "user_fb9ca56c8d3547268f2d589a6fcb1556",
        "user_a204f87d215a409798be9fb207685f44"
      ]
    }
  ]
}
